{
  "train_losses": [
    0.020075242966413498, 0.01925717480480671, 0.01788165606558323,
    0.016477711498737335, 0.01524373609572649, 0.01424518134444952,
    0.013452977873384953, 0.012832925654947758, 0.012319564819335938,
    0.011758653447031975, 0.011019953526556492, 0.010112724266946316,
    0.00918028224259615, 0.008329869247972965, 0.007596257608383894,
    0.006968995556235313, 0.006451154127717018, 0.0060158041305840015,
    0.005645297467708588, 0.005334026180207729, 0.005055166315287352,
    0.004817405715584755, 0.004594007041305304, 0.004401097539812326,
    0.004222385119646788
  ],
  "train_bleu_scores": [
    0.0, 0.0, 0.0, 0.0, 0.0, 0.0, 0.0, 0.0, 0.0, 0.0, 0.003950590833720632,
    0.16258081404166178, 0.41204510346952467, 0.5773548316790653,
    0.6734976269363484, 0.7361995628865105, 0.7868721284944773,
    0.807506162374712, 0.8413823047243845, 0.8632421113655895,
    0.8848958772859652, 0.8953539272518668, 0.917433595563445,
    0.9266688377617813, 0.9384229482798953
  ],
  "validation_losses": [
    0.019649924710392952, 0.01803300343453884, 0.016083629801869392,
    0.014330011792480946, 0.012896649539470673, 0.011779448948800564,
    0.010882760398089886, 0.01023772731423378, 0.009665312245488167,
    0.008983094245195389, 0.008017546497285366, 0.006949485745280981,
    0.006041917949914932, 0.005317493341863155, 0.004759645089507103,
    0.004318775609135628, 0.003962930757552385, 0.003676435211673379,
    0.00343331228941679, 0.003231583395972848, 0.003049832535907626,
    0.00289670517668128, 0.0027504742611199617, 0.0026180511340498924,
    0.0025001531466841698
  ],
  "validation_bleu_scores": [
    0.0, 0.0, 0.0, 0.0, 0.0, 0.0, 0.0, 0.0, 0.0, 2.2127244247296327e-10,
    0.16932005167546932, 0.5389495966620677, 0.7267019005194675,
    0.8207738132264721, 0.8686216851343772, 0.8903050979465126,
    0.9075763068882259, 0.9220760139097204, 0.9367412379752669,
    0.9487139936636215, 0.9566117552948047, 0.9628721855495381,
    0.9698636826058934, 0.9741116759008037, 0.9772409894242979
  ]
}
