{
  "train_losses": [
    -0.8625578284263611, -1.0328885316848755, -1.278761863708496,
    -1.516956090927124, -1.7459150552749634, -1.9559954404830933,
    -2.1259303092956543, -2.2564642429351807, -2.3613216876983643,
    -2.4751358032226562, -2.7209079265594482, -3.2227492332458496,
    -3.6715848445892334, -4.000823497772217, -4.231765270233154,
    -4.4056315422058105, -4.546266555786133, -4.663984298706055,
    -4.756879806518555, -4.841806888580322, -4.916802883148193,
    -4.980666637420654, -5.040999412536621, -5.082468032836914,
    -5.13373327255249, -5.190048694610596, -5.240640163421631,
    -5.294716835021973, -5.344455718994141, -5.376140594482422,
    -5.411314487457275, -5.4536333084106445, -5.484402656555176,
    -5.5145368576049805, -5.542087554931641, -5.566986560821533,
    -5.596102714538574, -5.623589038848877, -5.650653839111328,
    -5.677419185638428, -5.703114032745361, -5.726964473724365,
    -5.730876922607422, -5.756234645843506, -5.782143592834473,
    -5.80615758895874, -5.828205585479736, -5.847302436828613,
    -5.869142532348633, -5.889716148376465
  ],
  "train_bleu_scores": [
    0.0, 0.0, 0.0, 0.0, 0.0, 0.0, 0.0, 0.0, 0.0, 0.0, 7.031166214832431e-5,
    0.11557189207749925, 0.4499371990196915, 0.6455800966882684,
    0.7381002240803334, 0.7845249786866532, 0.8141311604569841,
    0.8347278935839961, 0.8498493543922475, 0.8602040634158838,
    0.8701389128003723, 0.8825461484600063, 0.8926098494571839,
    0.8933288895448067, 0.9043813721157725, 0.9123354657780183,
    0.9217795115619113, 0.9269303163104368, 0.9322791558712765,
    0.9374252904902205, 0.9359557511281122, 0.9436071134172881,
    0.9457688830251859, 0.9480530726884131, 0.9518482968132622,
    0.9533495128636241, 0.9562728350800894, 0.9589037693202697,
    0.959926356278914, 0.9628667408278078, 0.9643390076669703,
    0.9676989010239812, 0.9673047864143396, 0.9646871259534702,
    0.9666620589405419, 0.9691490240305773, 0.9703239531090647,
    0.9704542798040933, 0.9725885418434845, 0.9747534864347166
  ],
  "validation_losses": [
    -1.2328425645828247, -1.5433483123779297, -1.8626811504364014,
    -2.1687068939208984, -2.4577794075012207, -2.6950559616088867,
    -2.8837521076202393, -3.015500068664551, -3.121541976928711,
    -3.2887680530548096, -3.9379405975341797, -4.628665447235107,
    -5.076601982116699, -5.343164443969727, -5.507935523986816,
    -5.6249542236328125, -5.712741851806641, -5.785467624664307,
    -5.842789173126221, -5.895013332366943, -5.940876483917236,
    -5.982563018798828, -6.0147013664245605, -6.046127796173096,
    -6.079748153686523, -6.1153693199157715, -6.1561079025268555,
    -6.196533679962158, -6.224463939666748, -6.243242263793945,
    -6.27214241027832, -6.294318675994873, -6.3159685134887695,
    -6.336180210113525, -6.356741428375244, -6.372136116027832,
    -6.393844127655029, -6.412001132965088, -6.432282447814941,
    -6.450749397277832, -6.468586444854736, -6.483617305755615,
    -6.494730472564697, -6.513702392578125, -6.530259609222412,
    -6.5458455085754395, -6.560921669006348, -6.576689720153809,
    -6.591437339782715, -6.606241703033447
  ],
  "validation_bleu_scores": [
    0.0, 0.0, 0.0, 0.0, 0.0, 0.0, 0.0, 0.0, 0.0, 0.0, 0.031592393801497184,
    0.5407304458190435, 0.7914735598096404, 0.8750805685149654,
    0.9086038087997743, 0.9250531430834478, 0.928524497260452,
    0.934184972192701, 0.9379329225556177, 0.9434928138210257,
    0.9496895400327363, 0.9536965605630627, 0.9564412259160088,
    0.9617927378727661, 0.9662245009796251, 0.9705600829132501,
    0.9713176654329063, 0.9745859586615007, 0.9766645399082823,
    0.9755707181700715, 0.9770341185432624, 0.979452232759044,
    0.9801653972642986, 0.9819718492654046, 0.9826493196734349,
    0.9825448089134718, 0.9831220580286196, 0.9846183864113289,
    0.9852986704497031, 0.9857897727738193, 0.9867302006989043,
    0.987469042953288, 0.9860571596437758, 0.9863295776135199,
    0.9867797126969468, 0.9873287679903013, 0.9876848549479005,
    0.9880510860657891, 0.9889862310920309, 0.9893490556517166
  ]
}
