{
  "train_losses": [
    0.496243417263031, 0.3132760226726532, 0.008149420842528343,
    -0.2941364049911499, -0.5556520223617554, -0.777423083782196,
    -0.9628280401229858, -1.1188571453094482, -1.2699741125106812,
    -1.4396470785140991, -1.6337060928344727, -1.8428499698638916,
    -2.038102388381958, -2.206575632095337, -2.348568916320801,
    -2.473196029663086, -2.579355239868164, -2.676285743713379,
    -2.7587430477142334, -2.8315391540527344, -2.8947956562042236,
    -2.9501631259918213, -2.9928603172302246, -3.03769588470459,
    -3.083435535430908, -3.1248457431793213, -3.1620733737945557,
    -3.1954472064971924, -3.229736566543579, -3.264084577560425,
    -3.2993218898773193, -3.3326776027679443, -3.3620030879974365,
    -3.3955466747283936, -3.424143075942993, -3.451876401901245,
    -3.4809529781341553, -3.5072686672210693, -3.527257204055786,
    -3.543865203857422, -3.5713605880737305, -3.6027567386627197,
    -3.6359784603118896, -3.659012794494629, -3.6797845363616943,
    -3.698953866958618, -3.719856023788452, -3.7403781414031982,
    -3.7573964595794678, -3.7746694087982178
  ],
  "train_bleu_scores": [
    0.0, 0.0, 0.0, 0.0, 0.0, 0.0, 0.0, 0.0, 0.0, 0.000137835945819529,
    0.06266541885633466, 0.2934070363241888, 0.500518594098812,
    0.6539096488118645, 0.7443573136154088, 0.806794150265359,
    0.8411029062303591, 0.8655703396848707, 0.8815039408066905,
    0.8977013584687284, 0.9067862042843997, 0.9177115547951397,
    0.9278304341713687, 0.9300889913634001, 0.940158412148229,
    0.9501039497148289, 0.9549847779008813, 0.9573473565295675,
    0.9594417673398372, 0.9649984555036453, 0.9666377647279741,
    0.9692967238287347, 0.9678219698694372, 0.9735539497930044,
    0.9728114836307246, 0.9743662454402877, 0.9767889513823912,
    0.9766021889881253, 0.9776572854628268, 0.9750941877898827,
    0.9798092027155827, 0.9805783851688876, 0.9821467439298983,
    0.9838433228412461, 0.9830594567994477, 0.9843313195395152,
    0.9854299498603497, 0.9855844052258839, 0.9865634889463785,
    0.9872464908274855
  ],
  "validation_losses": [
    0.5306971669197083, 0.18346258997917175, -0.23664727807044983,
    -0.5885714888572693, -0.8847450613975525, -1.1502214670181274,
    -1.3515926599502563, -1.5247502326965332, -1.6953353881835938,
    -1.8998857736587524, -2.1297037601470947, -2.348928928375244,
    -2.521698474884033, -2.660327911376953, -2.7754147052764893,
    -2.8700451850891113, -2.950801372528076, -3.0188262462615967,
    -3.077816963195801, -3.127645492553711, -3.1717119216918945,
    -3.2081687450408936, -3.237614870071411, -3.2714555263519287,
    -3.3024966716766357, -3.3309061527252197, -3.3570568561553955,
    -3.381757974624634, -3.40624737739563, -3.4316725730895996,
    -3.457232713699341, -3.4786088466644287, -3.502207040786743,
    -3.525071382522583, -3.5433409214019775, -3.564678192138672,
    -3.5838634967803955, -3.6033124923706055, -3.61285662651062,
    -3.6318695545196533, -3.6499738693237305, -3.6785125732421875,
    -3.695988178253174, -3.710660934448242, -3.724599599838257, -3.739013671875,
    -3.753490924835205, -3.7677276134490967, -3.7802798748016357,
    -3.79289174079895
  ],
  "validation_bleu_scores": [
    0.0, 0.0, 0.0, 0.0, 0.0, 0.0, 0.0, 0.0, 0.0, 0.029916685325599934,
    0.35784102188499617, 0.6073255060006597, 0.7447886069392993,
    0.8396677343308282, 0.8978423467764044, 0.9227781052527181,
    0.9351515073992454, 0.9422596497404457, 0.949077415810679,
    0.9541532458345673, 0.9589852543098975, 0.9639962644760889,
    0.9666820449560731, 0.9696846696824899, 0.973536229827529,
    0.9770718356011747, 0.979445898598641, 0.9800716753615296,
    0.9816934071726701, 0.9837174006026647, 0.9847927956173896,
    0.9831310094481658, 0.984859764051011, 0.9863685406680751,
    0.9868691004985033, 0.987480570758081, 0.9871203986783049,
    0.9885075385621243, 0.9870551340958705, 0.9886343001376174,
    0.989470249130051, 0.9900234909401323, 0.9910841212921021,
    0.9910302345617141, 0.9914809590546344, 0.9916009159800003,
    0.9918695688752285, 0.9926864547102732, 0.9928310977886042,
    0.9929754532468336
  ]
}
