{
  "train_losses": [
    0.743381679058075, 0.5742741823196411, 0.2978495955467224,
    -0.02001018263399601, -0.32707679271698, -0.5830492377281189,
    -0.7788369059562683, -0.921572208404541, -1.0348740816116333,
    -1.142418622970581, -1.2847820520401, -1.486951470375061,
    -1.7231006622314453, -1.9406622648239136, -2.124603033065796,
    -2.2789764404296875, -2.406085252761841, -2.51240873336792,
    -2.6039206981658936, -2.6810150146484375, -2.748760938644409,
    -2.8070249557495117, -2.8601667881011963, -2.910604238510132,
    -2.952599048614502
  ],
  "train_bleu_scores": [
    0.0, 0.0, 0.0, 0.0, 0.0, 0.0, 0.0, 0.0, 0.0, 0.0, 7.521411906040136e-5,
    0.05747779668608597, 0.3504743807541222, 0.6038214302021866,
    0.7278780088760057, 0.7930509338696485, 0.8299794893281449,
    0.8509370034865462, 0.8700538398965717, 0.8835546135611991,
    0.8994677124292101, 0.9102774769068656, 0.9211002914217102,
    0.9276299291796365, 0.935586385473831
  ],
  "validation_losses": [
    0.8249505162239075, 0.4929806590080261, 0.05558309331536293,
    -0.3658362030982971, -0.7401607632637024, -1.0388953685760498,
    -1.2410690784454346, -1.3845949172973633, -1.4941658973693848,
    -1.615665078163147, -1.817110538482666, -2.0751638412475586,
    -2.3150413036346436, -2.504162549972534, -2.6492722034454346,
    -2.7611820697784424, -2.851086378097534, -2.9234776496887207,
    -2.9848368167877197, -3.0369203090667725, -3.083003282546997,
    -3.121030569076538, -3.1584019660949707, -3.190333366394043,
    -3.2212376594543457
  ],
  "validation_bleu_scores": [
    0.0, 0.0, 0.0, 0.0, 0.0, 0.0, 0.0, 0.0, 0.0, 0.0, 0.024803066620637904,
    0.4260330958669011, 0.7520310255017916, 0.8599551849620035,
    0.9054669639462836, 0.9249433159245518, 0.937587933067625,
    0.9459260222473148, 0.9518382470959976, 0.9567513995920736,
    0.962239883265718, 0.966030116765167, 0.9692117634947678,
    0.9735381214172056, 0.9762450496399163
  ]
}
