{
  "train_losses": [
    -0.2069752961397171, -0.36855554580688477, -0.6535403728485107,
    -0.9813205003738403, -1.2816880941390991, -1.5315606594085693,
    -1.7368066310882568, -1.9231328964233398, -2.1110360622406006,
    -2.3130502700805664, -2.5284082889556885, -2.7310791015625,
    -2.908329725265503, -3.0583221912384033, -3.183316230773926,
    -3.2913358211517334, -3.382805347442627, -3.4611434936523438,
    -3.5312323570251465, -3.5963728427886963, -3.6539621353149414,
    -3.704862594604492, -3.755974054336548, -3.7985496520996094,
    -3.8378942012786865
  ],
  "train_bleu_scores": [
    0.0, 0.0, 0.0, 0.0, 0.0, 0.0, 0.0, 0.0, 4.9907919567340415e-9,
    0.024268839182645423, 0.2800944951895311, 0.5317928944761596,
    0.6599442527096253, 0.7358007652587235, 0.8021416649318711,
    0.8332757506141112, 0.8566515945146721, 0.8739976452954924,
    0.88550460443681, 0.8998938577450165, 0.9112210336506463, 0.919781672308179,
    0.9304246265480373, 0.9359035008976584, 0.9407148409529631
  ],
  "validation_losses": [
    -0.291763573884964, -0.6028990745544434, -1.0310910940170288,
    -1.4817700386047363, -1.8195137977600098, -2.089522361755371,
    -2.323199987411499, -2.5361485481262207, -2.7594354152679443,
    -3.001380443572998, -3.220100164413452, -3.4020836353302, -3.54367995262146,
    -3.658203601837158, -3.752183675765991, -3.8281173706054688,
    -3.8933472633361816, -3.94954514503479, -3.9977216720581055,
    -4.043833255767822, -4.083878517150879, -4.121352672576904,
    -4.154150009155273, -4.184239387512207, -4.213714599609375
  ],
  "validation_bleu_scores": [
    0.0, 0.0, 0.0, 0.0, 0.0, 0.0, 0.0, 0.0, 0.0025353608967674623,
    0.36114187346260046, 0.6733766236597297, 0.79029686569507,
    0.8414757573469318, 0.9005969664224829, 0.9213915115135404,
    0.932448512437267, 0.9415379034551883, 0.9469773126539793,
    0.9541353760839231, 0.9588130491390995, 0.9642516367152452,
    0.9681675466520877, 0.9708792047514316, 0.973631332872908, 0.977429837001037
  ]
}
